period,symbol,time_utc,trade_count,buy_count,sell_count,total_qty,notional_usdt
2026-09-27,AINETWORKUSDT,2026-09-27T06:27:49.000Z,5,0,5,1691.90000000,19.974717
2026-09-27,AINETWORKUSDT,2026-09-27T07:27:49.000Z,2,0,2,1669.86000000,19.978681
2026-09-27,AINETWORKUSDT,2026-09-27T08:07:49.000Z,1,0,1,1671.82000000,19.999983
2026-09-27,AINETWORKUSDT,2026-09-27T08:47:49.000Z,5,5,0,1671.82000000,20.034864
2026-09-27,AINETWORKUSDT,2026-09-27T09:07:49.000Z,5,0,5,1669.86000000,19.956270
2026-09-27,AINETWORKUSDT,2026-09-27T13:07:49.000Z,5,5,0,1666.11000000,20.056105
2026-09-27,AINETWORKUSDT,2026-09-27T13:27:49.000Z,5,5,0,1679.82000000,20.041851
2026-09-27,AINETWORKUSDT,2026-09-27T13:47:49.000Z,4,0,4,1675.88000000,19.957994
2026-09-27,AINETWORKUSDT,2026-09-27T14:07:49.000Z,4,0,4,1684.91000000,19.976095
2026-09-27,AINETWORKUSDT,2026-09-27T14:47:49.000Z,2,0,2,1687.90000000,19.995918
2026-09-27,AINETWORKUSDT,2026-09-27T15:07:49.000Z,4,4,0,1685.91000000,20.040861
2026-09-27,AINETWORKUSDT,2026-09-27T15:27:49.000Z,6,0,6,1681.80000000,19.955542
2026-09-27,AINETWORKUSDT,2026-09-27T15:47:49.000Z,4,0,4,1688.33000000,19.972237
2026-09-27,AINETWORKUSDT,2026-09-27T16:07:49.000Z,1,0,1,1693.91000000,19.999995
2026-09-27,AINETWORKUSDT,2026-09-27T16:27:49.000Z,2,0,2,1691.90000000,19.981198
2026-09-27,AINETWORKUSDT,2026-09-27T16:47:49.000Z,4,0,4,1691.90000000,19.979548
2026-09-27,AINETWORKUSDT,2026-09-27T17:07:49.000Z,3,3,0,1691.90000000,20.022772
2026-09-27,AINETWORKUSDT,2026-09-27T17:27:49.000Z,6,0,6,1691.90000000,19.952786
2026-09-27,AINETWORKUSDT,2026-09-27T17:47:49.000Z,4,0,4,1687.90000000,19.966069
2026-09-27,AINETWORKUSDT,2026-09-27T18:07:49.000Z,5,5,0,1687.90000000,20.027476
2026-09-27,AINETWORKUSDT,2026-09-27T18:27:49.000Z,3,0,3,1685.91000000,19.978316
2026-09-27,AINETWORKUSDT,2026-09-27T18:47:49.000Z,4,4,0,1685.91000000,20.033998
2026-09-27,AINETWORKUSDT,2026-09-27T19:07:49.000Z,4,0,4,1684.91000000,19.978406
2026-09-27,AINETWORKUSDT,2026-09-27T19:27:49.000Z,2,0,2,1687.90000000,19.995918
2026-09-27,AINETWORKUSDT,2026-09-27T19:47:49.000Z,2,0,2,1688.33000000,19.990927
2026-09-27,AINETWORKUSDT,2026-09-27T20:07:49.000Z,2,0,2,1691.90000000,19.977333
2026-09-27,AINETWORKUSDT,2026-09-27T20:27:49.000Z,6,6,0,1689.90000000,20.054175
2026-09-27,AINETWORKUSDT,2026-09-27T20:47:49.000Z,4,0,4,1685.91000000,19.959580
2026-09-27,AINETWORKUSDT,2026-09-27T21:07:49.000Z,1,0,1,1693.91000000,19.999995
2026-09-27,AINETWORKUSDT,2026-09-27T21:27:49.000Z,5,0,5,1693.91000000,19.988998
2026-09-27,AINETWORKUSDT,2026-09-27T21:47:49.000Z,2,0,2,1698.08000000,19.985959
2026-09-27,AINETWORKUSDT,2026-09-27T22:07:49.000Z,1,0,1,1699.52000000,19.999951
2026-09-27,AINETWORKUSDT,2026-09-27T22:27:49.000Z,5,5,0,1696.06000000,20.050637
2026-09-27,AINETWORKUSDT,2026-09-27T22:47:49.000Z,5,0,5,1691.90000000,19.961538
2026-09-27,AINETWORKUSDT,2026-09-27T23:07:49.000Z,5,0,5,1698.08000000,19.972884
2026-09-27,AINETWORKUSDT,2026-09-27T23:27:49.000Z,6,6,0,1700.10000000,20.042397
2026-09-27,AINETWORKUSDT,2026-09-27T23:47:49.000Z,4,0,4,1696.06000000,19.958255
2026-09-27,DADDYUSDT,2026-09-27T11:07:49.000Z,1,0,1,780.46000000,7.819429
2026-09-28-partial,AINETWORKUSDT,2026-09-28T00:07:49.000Z,5,0,5,1700.10000000,19.963396
2026-09-28-partial,AINETWORKUSDT,2026-09-28T00:27:49.000Z,1,0,1,1705.17000000,19.999939
2026-09-28-partial,AINETWORKUSDT,2026-09-28T00:47:49.000Z,1,0,1,1680.67000000,19.999973
2026-09-28-partial,AINETWORKUSDT,2026-09-28T01:07:49.000Z,3,0,3,1680.67000000,19.989047
2026-09-28-partial,AINETWORKUSDT,2026-09-28T01:27:49.000Z,4,4,0,1681.80000000,20.024713
2026-09-28-partial,AINETWORKUSDT,2026-09-28T01:47:49.000Z,6,0,6,1679.82000000,19.954205
2026-09-28-partial,AINETWORKUSDT,2026-09-28T02:07:49.000Z,2,0,2,1687.90000000,19.995399
2026-09-28-partial,AINETWORKUSDT,2026-09-28T02:27:49.000Z,1,0,1,1688.33000000,19.999957
2026-09-28-partial,AINETWORKUSDT,2026-09-28T02:47:49.000Z,3,0,3,1688.33000000,19.983166
2026-09-28-partial,AINETWORKUSDT,2026-09-28T03:07:49.000Z,5,0,5,1679.82000000,19.961454
2026-09-28-partial,AINETWORKUSDT,2026-09-28T03:27:49.000Z,3,0,3,1685.91000000,19.973676
2026-09-28-partial,AINETWORKUSDT,2026-09-28T03:47:49.000Z,1,0,1,1688.33000000,19.999957
2026-09-28-partial,AINETWORKUSDT,2026-09-28T04:07:49.000Z,3,0,3,1687.90000000,19.993525
2026-09-28-partial,AINETWORKUSDT,2026-09-28T04:27:49.000Z,3,3,0,1685.91000000,20.031680
2026-09-28-partial,AINETWORKUSDT,2026-09-28T04:47:49.000Z,5,0,5,1685.91000000,19.945455
2026-09-28-partial,AINETWORKUSDT,2026-09-28T05:07:49.000Z,5,5,0,1689.90000000,20.041551
2026-09-28-partial,DADDYUSDT,2026-09-28T00:27:49.000Z,1,0,1,1823.55000000,17.611846
