raw_row_number,period,time_utc,trade_count,buy_count,sell_count,total_qty,notional_usdt
4,2026-09-27,2026-09-27T05:44:05.000Z,1,1,0,3065.96000000,4.997515
34,2026-09-27,2026-09-27T11:06:50.000Z,1,1,0,3067.48000000,4.999992
46,2026-09-27,2026-09-27T11:09:46.000Z,1,1,0,3086.41000000,4.999984
47,2026-09-27,2026-09-27T11:09:55.000Z,1,0,1,3086.41000000,4.999984
48,2026-09-27,2026-09-27T11:10:56.000Z,1,1,0,3086.41000000,4.999984
59,2026-09-27,2026-09-27T11:54:37.000Z,1,0,1,3086.41000000,4.999984
62,2026-09-27,2026-09-27T12:11:09.000Z,1,1,0,3086.41000000,4.999984
63,2026-09-27,2026-09-27T12:11:11.000Z,1,0,1,3086.41000000,4.999984
64,2026-09-27,2026-09-27T12:11:40.000Z,1,0,1,3086.41000000,4.999984
65,2026-09-27,2026-09-27T12:12:42.000Z,1,1,0,3086.41000000,4.999984
66,2026-09-27,2026-09-27T12:14:15.000Z,1,1,0,3086.41000000,4.999984
67,2026-09-27,2026-09-27T12:14:46.000Z,1,0,1,3086.41000000,4.999984
68,2026-09-27,2026-09-27T12:16:19.000Z,1,0,1,3086.41000000,4.999984
69,2026-09-27,2026-09-27T12:16:34.000Z,1,0,1,3086.41000000,4.999984
70,2026-09-27,2026-09-27T12:16:50.000Z,1,1,0,3086.41000000,4.999984
71,2026-09-27,2026-09-27T12:17:12.000Z,1,0,1,3086.41000000,4.999984
72,2026-09-27,2026-09-27T12:17:21.000Z,1,1,0,3086.41000000,4.999984
73,2026-09-27,2026-09-27T12:17:51.000Z,1,0,1,3086.41000000,4.999984
77,2026-09-27,2026-09-27T12:20:25.000Z,1,1,0,3086.41000000,4.999984
78,2026-09-27,2026-09-27T12:20:27.000Z,1,0,1,3086.41000000,4.999984
79,2026-09-27,2026-09-27T12:20:57.000Z,1,1,0,3086.41000000,4.999984
80,2026-09-27,2026-09-27T12:21:58.000Z,1,1,0,3086.41000000,4.999984
81,2026-09-27,2026-09-27T12:22:29.000Z,1,0,1,3086.41000000,4.999984
82,2026-09-27,2026-09-27T12:23:00.000Z,1,0,1,3086.41000000,4.999984
83,2026-09-27,2026-09-27T12:23:31.000Z,1,0,1,3086.41000000,4.999984
84,2026-09-27,2026-09-27T12:24:17.000Z,1,1,0,3086.41000000,4.999984
85,2026-09-27,2026-09-27T12:25:04.000Z,1,0,1,3086.41000000,4.999984
86,2026-09-27,2026-09-27T12:26:37.000Z,1,1,0,3086.41000000,4.999984
88,2026-09-27,2026-09-27T12:28:41.000Z,1,1,0,3086.41000000,4.999984
90,2026-09-27,2026-09-27T12:31:06.000Z,1,1,0,3086.41000000,4.999984
91,2026-09-27,2026-09-27T12:31:15.000Z,1,0,1,3086.41000000,4.999984
92,2026-09-27,2026-09-27T12:31:46.000Z,1,1,0,3086.41000000,4.999984
93,2026-09-27,2026-09-27T12:32:39.000Z,1,0,1,3086.41000000,4.999984
94,2026-09-27,2026-09-27T12:32:48.000Z,1,0,1,3086.41000000,4.999984
95,2026-09-27,2026-09-27T12:33:10.000Z,1,1,0,3086.41000000,4.999984
97,2026-09-27,2026-09-27T12:33:50.000Z,1,1,0,3086.41000000,4.999984
98,2026-09-27,2026-09-27T12:34:21.000Z,1,0,1,3086.41000000,4.999984
99,2026-09-27,2026-09-27T12:34:52.000Z,1,1,0,3086.41000000,4.999984
100,2026-09-27,2026-09-27T12:36:25.000Z,1,1,0,3086.41000000,4.999984
101,2026-09-27,2026-09-27T12:37:27.000Z,1,0,1,3086.41000000,4.999984
102,2026-09-27,2026-09-27T12:37:58.000Z,1,0,1,3086.41000000,4.999984
103,2026-09-27,2026-09-27T12:39:30.000Z,1,0,1,3086.41000000,4.999984
104,2026-09-27,2026-09-27T12:39:52.000Z,1,1,0,3086.41000000,4.999984
105,2026-09-27,2026-09-27T12:40:17.000Z,1,1,0,3086.41000000,4.999984
106,2026-09-27,2026-09-27T12:40:23.000Z,1,1,0,3086.41000000,4.999984
107,2026-09-27,2026-09-27T12:43:37.000Z,1,1,0,3086.41000000,4.999984
108,2026-09-27,2026-09-27T12:46:58.000Z,1,0,1,3086.41000000,4.999984
109,2026-09-27,2026-09-27T12:47:14.000Z,1,0,1,3086.41000000,4.999984
111,2026-09-27,2026-09-27T12:48:46.000Z,1,0,1,3086.41000000,4.999984
112,2026-09-27,2026-09-27T12:49:48.000Z,1,0,1,3086.41000000,4.999984
113,2026-09-27,2026-09-27T12:50:50.000Z,1,1,0,3086.41000000,4.999984
114,2026-09-27,2026-09-27T12:51:06.000Z,1,0,1,3086.41000000,4.999984
115,2026-09-27,2026-09-27T12:51:51.000Z,1,1,0,3086.41000000,4.999984
116,2026-09-27,2026-09-27T12:52:22.000Z,1,0,1,3086.41000000,4.999984
117,2026-09-27,2026-09-27T12:52:53.000Z,1,0,1,3086.41000000,4.999984
118,2026-09-27,2026-09-27T12:54:57.000Z,1,0,1,3086.41000000,4.999984
119,2026-09-27,2026-09-27T12:55:50.000Z,1,0,1,3086.41000000,4.999984
120,2026-09-27,2026-09-27T12:55:59.000Z,1,0,1,3086.41000000,4.999984
121,2026-09-27,2026-09-27T12:57:01.000Z,1,1,0,3086.41000000,4.999984
122,2026-09-27,2026-09-27T12:58:03.000Z,1,1,0,3086.41000000,4.999984
124,2026-09-27,2026-09-27T12:59:05.000Z,1,0,1,3086.41000000,4.999984
125,2026-09-27,2026-09-27T13:00:07.000Z,1,0,1,3086.41000000,4.999984
126,2026-09-27,2026-09-27T13:00:38.000Z,1,1,0,3086.41000000,4.999984
129,2026-09-27,2026-09-27T13:03:43.000Z,1,0,1,3086.41000000,4.999984
130,2026-09-27,2026-09-27T13:05:17.000Z,1,0,1,3086.41000000,4.999984
131,2026-09-27,2026-09-27T13:05:48.000Z,1,1,0,3086.41000000,4.999984
132,2026-09-27,2026-09-27T13:06:19.000Z,1,1,0,3086.41000000,4.999984
133,2026-09-27,2026-09-27T13:08:06.000Z,1,0,1,3086.41000000,4.999984
134,2026-09-27,2026-09-27T13:08:22.000Z,1,0,1,3086.41000000,4.999984
135,2026-09-27,2026-09-27T13:10:57.000Z,1,0,1,3086.41000000,4.999984
136,2026-09-27,2026-09-27T13:11:28.000Z,1,0,1,3086.41000000,4.999984
137,2026-09-27,2026-09-27T13:11:59.000Z,1,1,0,3086.41000000,4.999984
138,2026-09-27,2026-09-27T13:12:30.000Z,1,1,0,3086.41000000,4.999984
139,2026-09-27,2026-09-27T13:12:50.000Z,1,1,0,3086.41000000,4.999984
140,2026-09-27,2026-09-27T13:13:32.000Z,1,1,0,3086.41000000,4.999984
141,2026-09-27,2026-09-27T13:14:03.000Z,1,1,0,3086.41000000,4.999984
142,2026-09-27,2026-09-27T13:14:34.000Z,1,0,1,3086.41000000,4.999984
143,2026-09-27,2026-09-27T13:15:18.000Z,1,1,0,3086.41000000,4.999984
144,2026-09-27,2026-09-27T13:15:35.000Z,1,1,0,3086.41000000,4.999984
145,2026-09-27,2026-09-27T13:16:06.000Z,1,1,0,3086.41000000,4.999984
146,2026-09-27,2026-09-27T13:16:37.000Z,1,1,0,3086.41000000,4.999984
147,2026-09-27,2026-09-27T13:17:08.000Z,1,0,1,3086.41000000,4.999984
148,2026-09-27,2026-09-27T13:17:39.000Z,1,1,0,3086.41000000,4.999984
149,2026-09-27,2026-09-27T13:18:10.000Z,1,0,1,3086.41000000,4.999984
150,2026-09-27,2026-09-27T13:18:24.000Z,1,1,0,3086.41000000,4.999984
151,2026-09-27,2026-09-27T13:19:43.000Z,1,1,0,3086.41000000,4.999984
152,2026-09-27,2026-09-27T13:20:13.000Z,1,0,1,3086.41000000,4.999984
153,2026-09-27,2026-09-27T13:20:44.000Z,1,1,0,3086.41000000,4.999984
154,2026-09-27,2026-09-27T13:21:05.000Z,1,1,0,3086.41000000,4.999984
155,2026-09-27,2026-09-27T13:21:15.000Z,1,1,0,3086.41000000,4.999984
156,2026-09-27,2026-09-27T13:21:46.000Z,1,0,1,3086.41000000,4.999984
157,2026-09-27,2026-09-27T13:24:20.000Z,1,1,0,3086.41000000,4.999984
158,2026-09-27,2026-09-27T13:24:51.000Z,1,1,0,3086.41000000,4.999984
159,2026-09-27,2026-09-27T13:25:22.000Z,1,0,1,3086.41000000,4.999984
160,2026-09-27,2026-09-27T13:25:54.000Z,1,0,1,3086.41000000,4.999984
161,2026-09-27,2026-09-27T13:26:56.000Z,1,1,0,3086.41000000,4.999984
162,2026-09-27,2026-09-27T13:28:28.000Z,1,1,0,3086.41000000,4.999984
163,2026-09-27,2026-09-27T13:29:00.000Z,1,1,0,3086.41000000,4.999984
165,2026-09-27,2026-09-27T13:31:03.000Z,1,0,1,3086.41000000,4.999984
166,2026-09-27,2026-09-27T13:31:34.000Z,1,1,0,3086.41000000,4.999984
167,2026-09-27,2026-09-27T13:32:05.000Z,1,1,0,3086.41000000,4.999984
168,2026-09-27,2026-09-27T13:32:50.000Z,1,0,1,3086.41000000,4.999984
169,2026-09-27,2026-09-27T13:34:08.000Z,1,0,1,3086.41000000,4.999984
170,2026-09-27,2026-09-27T13:34:22.000Z,1,0,1,3086.41000000,4.999984
171,2026-09-27,2026-09-27T13:34:39.000Z,1,0,1,3086.41000000,4.999984
172,2026-09-27,2026-09-27T13:34:59.000Z,1,0,1,3086.41000000,4.999984
173,2026-09-27,2026-09-27T13:35:55.000Z,1,0,1,3086.41000000,4.999984
174,2026-09-27,2026-09-27T13:37:34.000Z,1,0,1,3086.41000000,4.999984
175,2026-09-27,2026-09-27T13:38:05.000Z,1,0,1,3086.41000000,4.999984
176,2026-09-27,2026-09-27T13:38:47.000Z,1,0,1,3086.41000000,4.999984
177,2026-09-27,2026-09-27T13:39:48.000Z,1,0,1,3086.41000000,4.999984
178,2026-09-27,2026-09-27T13:40:50.000Z,1,1,0,3086.41000000,4.999984
179,2026-09-27,2026-09-27T13:41:05.000Z,1,1,0,3086.41000000,4.999984
180,2026-09-27,2026-09-27T13:41:10.000Z,1,1,0,3086.41000000,4.999984
181,2026-09-27,2026-09-27T13:41:21.000Z,1,1,0,3086.41000000,4.999984
182,2026-09-27,2026-09-27T13:41:35.000Z,1,0,1,3086.41000000,4.999984
183,2026-09-27,2026-09-27T13:41:52.000Z,1,1,0,3086.41000000,4.999984
184,2026-09-27,2026-09-27T13:42:37.000Z,1,1,0,3086.41000000,4.999984
185,2026-09-27,2026-09-27T13:42:54.000Z,1,1,0,3086.41000000,4.999984
191,2026-09-27,2026-09-27T14:10:17.000Z,1,1,0,3086.41000000,4.999984
192,2026-09-27,2026-09-27T14:10:46.000Z,1,1,0,3086.41000000,4.999984
193,2026-09-27,2026-09-27T14:11:17.000Z,1,0,1,3086.41000000,4.999984
196,2026-09-27,2026-09-27T14:13:34.000Z,1,1,0,3086.41000000,4.999984
197,2026-09-27,2026-09-27T14:13:53.000Z,1,0,1,3086.41000000,4.999984
200,2026-09-27,2026-09-27T14:15:57.000Z,1,1,0,3086.41000000,4.999984
203,2026-09-27,2026-09-27T14:18:32.000Z,1,0,1,3086.41000000,4.999984
204,2026-09-27,2026-09-27T14:20:23.000Z,1,1,0,3086.41000000,4.999984
205,2026-09-27,2026-09-27T14:21:06.000Z,1,1,0,3086.41000000,4.999984
206,2026-09-27,2026-09-27T14:21:37.000Z,1,0,1,3086.41000000,4.999984
207,2026-09-27,2026-09-27T14:22:08.000Z,1,1,0,3086.41000000,4.999984
208,2026-09-27,2026-09-27T14:22:39.000Z,1,0,1,3086.41000000,4.999984
209,2026-09-27,2026-09-27T14:23:10.000Z,1,1,0,3086.41000000,4.999984
210,2026-09-27,2026-09-27T14:23:41.000Z,1,0,1,3086.41000000,4.999984
211,2026-09-27,2026-09-27T14:24:12.000Z,1,1,0,3086.41000000,4.999984
212,2026-09-27,2026-09-27T14:24:31.000Z,1,1,0,3086.41000000,4.999984
213,2026-09-27,2026-09-27T14:24:43.000Z,1,1,0,3086.41000000,4.999984
214,2026-09-27,2026-09-27T14:24:53.000Z,1,0,1,3086.41000000,4.999984
215,2026-09-27,2026-09-27T14:25:02.000Z,1,1,0,3086.41000000,4.999984
216,2026-09-27,2026-09-27T14:25:44.000Z,1,1,0,3086.41000000,4.999984
217,2026-09-27,2026-09-27T14:27:49.000Z,1,1,0,3086.41000000,4.999984
218,2026-09-27,2026-09-27T14:27:59.000Z,1,1,0,3086.41000000,4.999984
219,2026-09-27,2026-09-27T14:28:07.000Z,1,0,1,3086.41000000,4.999984
220,2026-09-27,2026-09-27T14:28:19.000Z,1,0,1,3086.41000000,4.999984
221,2026-09-27,2026-09-27T14:28:30.000Z,1,0,1,3086.41000000,4.999984
222,2026-09-27,2026-09-27T14:29:22.000Z,1,1,0,3086.41000000,4.999984
223,2026-09-27,2026-09-27T14:29:53.000Z,1,0,1,3086.41000000,4.999984
224,2026-09-27,2026-09-27T14:30:24.000Z,1,0,1,3086.41000000,4.999984
225,2026-09-27,2026-09-27T14:30:41.000Z,1,1,0,3086.41000000,4.999984
226,2026-09-27,2026-09-27T14:30:55.000Z,1,1,0,3086.41000000,4.999984
227,2026-09-27,2026-09-27T14:31:43.000Z,1,0,1,3086.41000000,4.999984
228,2026-09-27,2026-09-27T14:32:27.000Z,1,1,0,3086.41000000,4.999984
229,2026-09-27,2026-09-27T14:32:58.000Z,1,1,0,3086.41000000,4.999984
230,2026-09-27,2026-09-27T14:33:47.000Z,1,0,1,3086.41000000,4.999984
231,2026-09-27,2026-09-27T14:34:00.000Z,1,1,0,3086.41000000,4.999984
233,2026-09-27,2026-09-27T14:35:02.000Z,1,0,1,3086.41000000,4.999984
234,2026-09-27,2026-09-27T14:35:51.000Z,1,1,0,3086.41000000,4.999984
235,2026-09-27,2026-09-27T14:36:35.000Z,1,0,1,3086.41000000,4.999984
236,2026-09-27,2026-09-27T14:37:06.000Z,1,0,1,3086.41000000,4.999984
237,2026-09-27,2026-09-27T14:37:36.000Z,1,1,0,3086.41000000,4.999984
238,2026-09-27,2026-09-27T14:39:40.000Z,1,1,0,3086.41000000,4.999984
239,2026-09-27,2026-09-27T14:39:50.000Z,1,1,0,3086.41000000,4.999984
240,2026-09-27,2026-09-27T14:40:42.000Z,1,1,0,3086.41000000,4.999984
241,2026-09-27,2026-09-27T14:41:31.000Z,1,1,0,3086.41000000,4.999984
242,2026-09-27,2026-09-27T14:41:44.000Z,1,1,0,3086.41000000,4.999984
243,2026-09-27,2026-09-27T14:44:36.000Z,1,0,1,3086.41000000,4.999984
244,2026-09-27,2026-09-27T14:45:20.000Z,1,1,0,3086.41000000,4.999984
245,2026-09-27,2026-09-27T14:45:51.000Z,1,0,1,3086.41000000,4.999984
246,2026-09-27,2026-09-27T14:48:26.000Z,1,1,0,3086.41000000,4.999984
247,2026-09-27,2026-09-27T14:48:57.000Z,1,1,0,3086.41000000,4.999984
248,2026-09-27,2026-09-27T14:49:28.000Z,1,1,0,3086.41000000,4.999984
249,2026-09-27,2026-09-27T14:49:59.000Z,1,1,0,3086.41000000,4.999984
251,2026-09-27,2026-09-27T14:50:15.000Z,1,0,1,3086.41000000,4.999984
254,2026-09-27,2026-09-27T14:51:34.000Z,1,1,0,3086.41000000,4.999984
261,2026-09-27,2026-09-27T14:54:06.000Z,1,0,1,3086.41000000,4.999984
262,2026-09-27,2026-09-27T14:54:37.000Z,1,1,0,3086.41000000,4.999984
265,2026-09-27,2026-09-27T14:56:10.000Z,1,0,1,3086.41000000,4.999984
280,2026-09-27,2026-09-27T17:19:20.000Z,1,0,1,3125.00000000,5.000000
285,2026-09-27,2026-09-27T17:20:41.000Z,1,0,1,3125.00000000,5.000000
294,2026-09-27,2026-09-27T19:55:22.000Z,1,0,1,3125.00000000,5.000000
296,2026-09-27,2026-09-27T19:55:45.000Z,1,1,0,3125.00000000,5.000000
301,2026-09-27,2026-09-27T19:57:48.000Z,1,1,0,3125.00000000,5.000000
303,2026-09-27,2026-09-27T19:58:50.000Z,1,0,1,3125.00000000,5.000000
304,2026-09-27,2026-09-27T19:59:21.000Z,1,0,1,3125.00000000,5.000000
306,2026-09-27,2026-09-27T19:59:40.000Z,1,0,1,3125.00000000,5.000000
308,2026-09-27,2026-09-27T20:00:23.000Z,1,0,1,3125.00000000,5.000000
310,2026-09-27,2026-09-27T20:00:54.000Z,1,1,0,3125.00000000,5.000000
311,2026-09-27,2026-09-27T20:01:25.000Z,1,1,0,3125.00000000,5.000000
313,2026-09-27,2026-09-27T20:01:56.000Z,1,0,1,3125.00000000,5.000000
317,2026-09-27,2026-09-27T20:03:29.000Z,1,1,0,3125.00000000,5.000000
318,2026-09-27,2026-09-27T20:04:00.000Z,1,0,1,3125.00000000,5.000000
320,2026-09-27,2026-09-27T20:05:01.000Z,1,1,0,3125.00000000,5.000000
321,2026-09-27,2026-09-27T20:05:20.000Z,1,0,1,3125.00000000,5.000000
322,2026-09-27,2026-09-27T20:05:32.000Z,1,0,1,3125.00000000,5.000000
325,2026-09-27,2026-09-27T20:06:54.000Z,1,0,1,3125.00000000,5.000000
330,2026-09-27,2026-09-27T20:08:38.000Z,1,0,1,3125.00000000,5.000000
332,2026-09-27,2026-09-27T20:09:17.000Z,1,0,1,3125.00000000,5.000000
333,2026-09-27,2026-09-27T20:09:28.000Z,1,0,1,3125.00000000,5.000000
334,2026-09-27,2026-09-27T20:09:40.000Z,1,1,0,3125.00000000,5.000000
338,2026-09-27,2026-09-27T20:10:50.000Z,1,0,1,3125.00000000,5.000000
339,2026-09-27,2026-09-27T20:11:12.000Z,1,1,0,3125.00000000,5.000000
340,2026-09-27,2026-09-27T20:11:32.000Z,1,0,1,3125.00000000,5.000000
341,2026-09-27,2026-09-27T20:11:43.000Z,1,1,0,3125.00000000,5.000000
342,2026-09-27,2026-09-27T20:11:52.000Z,1,0,1,3125.00000000,5.000000
345,2026-09-27,2026-09-27T20:13:04.000Z,1,1,0,3125.00000000,5.000000
351,2026-09-27,2026-09-27T20:15:51.000Z,1,1,0,3125.00000000,5.000000
360,2026-09-27,2026-09-27T21:32:30.000Z,1,0,1,3144.65000000,4.999994
368,2026-09-27,2026-09-27T21:35:23.000Z,1,1,0,3125.00000000,5.000000
369,2026-09-27,2026-09-27T21:35:36.000Z,1,1,0,3125.00000000,5.000000
370,2026-09-27,2026-09-27T21:35:45.000Z,1,0,1,3125.00000000,5.000000
371,2026-09-27,2026-09-27T21:35:54.000Z,1,1,0,3125.00000000,5.000000
372,2026-09-27,2026-09-27T21:36:07.000Z,1,0,1,3125.00000000,5.000000
373,2026-09-27,2026-09-27T21:36:16.000Z,1,0,1,3125.00000000,5.000000
374,2026-09-27,2026-09-27T21:36:38.000Z,1,0,1,3125.00000000,5.000000
375,2026-09-27,2026-09-27T21:36:47.000Z,1,1,0,3125.00000000,5.000000
377,2026-09-27,2026-09-27T21:37:40.000Z,1,0,1,3125.00000000,5.000000
379,2026-09-27,2026-09-27T21:38:20.000Z,1,1,0,3125.00000000,5.000000
380,2026-09-27,2026-09-27T21:38:29.000Z,1,0,1,3125.00000000,5.000000
381,2026-09-27,2026-09-27T21:38:42.000Z,1,1,0,3125.00000000,5.000000
382,2026-09-27,2026-09-27T21:38:51.000Z,1,1,0,3125.00000000,5.000000
384,2026-09-27,2026-09-27T21:39:22.000Z,1,1,0,3125.00000000,5.000000
386,2026-09-27,2026-09-27T21:39:53.000Z,1,0,1,3125.00000000,5.000000
387,2026-09-27,2026-09-27T21:40:01.000Z,1,0,1,3125.00000000,5.000000
388,2026-09-27,2026-09-27T21:40:24.000Z,1,1,0,3125.00000000,5.000000
389,2026-09-27,2026-09-27T21:40:46.000Z,1,1,0,3125.00000000,5.000000
391,2026-09-27,2026-09-27T21:41:26.000Z,1,0,1,3125.00000000,5.000000
392,2026-09-27,2026-09-27T21:41:57.000Z,1,0,1,3125.00000000,5.000000
400,2026-09-27,2026-09-27T21:45:55.000Z,1,1,0,3125.00000000,5.000000
402,2026-09-27,2026-09-27T21:46:26.000Z,1,0,1,3125.00000000,5.000000
404,2026-09-27,2026-09-27T21:47:06.000Z,1,1,0,3125.00000000,5.000000
405,2026-09-27,2026-09-27T21:47:37.000Z,1,1,0,3125.00000000,5.000000
406,2026-09-27,2026-09-27T21:48:08.000Z,1,0,1,3125.00000000,5.000000
417,2026-09-27,2026-09-27T21:52:07.000Z,1,0,1,3125.00000000,5.000000
422,2026-09-27,2026-09-27T21:53:40.000Z,1,0,1,3125.00000000,5.000000
427,2026-09-27,2026-09-27T21:56:23.000Z,1,0,1,3125.00000000,5.000000
433,2026-09-27,2026-09-27T21:57:25.000Z,1,0,1,3125.00000000,5.000000
434,2026-09-27,2026-09-27T21:57:56.000Z,1,1,0,3125.00000000,5.000000
436,2026-09-27,2026-09-27T21:58:58.000Z,1,0,1,3125.00000000,5.000000
437,2026-09-27,2026-09-27T21:59:07.000Z,1,1,0,3125.00000000,5.000000
438,2026-09-27,2026-09-27T22:00:00.000Z,1,1,0,3125.00000000,5.000000
439,2026-09-27,2026-09-27T22:01:24.000Z,1,1,0,3125.00000000,5.000000
440,2026-09-27,2026-09-27T22:02:45.000Z,1,1,0,3125.00000000,5.000000
441,2026-09-27,2026-09-27T22:03:06.000Z,1,1,0,3125.00000000,5.000000
443,2026-09-27,2026-09-27T22:06:43.000Z,1,1,0,3125.00000000,5.000000
444,2026-09-27,2026-09-27T22:10:51.000Z,1,0,1,3125.00000000,5.000000
445,2026-09-27,2026-09-27T22:12:23.000Z,1,0,1,3125.00000000,5.000000
446,2026-09-27,2026-09-27T22:12:54.000Z,1,1,0,3125.00000000,5.000000
447,2026-09-27,2026-09-27T22:13:25.000Z,1,1,0,3125.00000000,5.000000
448,2026-09-27,2026-09-27T22:13:56.000Z,1,0,1,3125.00000000,5.000000
449,2026-09-27,2026-09-27T22:14:06.000Z,1,1,0,3125.00000000,5.000000
451,2026-09-27,2026-09-27T22:15:20.000Z,1,1,0,3125.00000000,5.000000
452,2026-09-27,2026-09-27T22:15:29.000Z,1,1,0,3125.00000000,5.000000
453,2026-09-27,2026-09-27T22:15:59.000Z,1,1,0,3125.00000000,5.000000
454,2026-09-27,2026-09-27T22:16:30.000Z,1,0,1,3125.00000000,5.000000
455,2026-09-27,2026-09-27T22:17:01.000Z,1,0,1,3125.00000000,5.000000
456,2026-09-27,2026-09-27T22:17:32.000Z,1,0,1,3125.00000000,5.000000
457,2026-09-27,2026-09-27T22:18:03.000Z,1,0,1,3125.00000000,5.000000
458,2026-09-27,2026-09-27T22:19:35.000Z,1,0,1,3125.00000000,5.000000
459,2026-09-27,2026-09-27T22:20:06.000Z,1,0,1,3125.00000000,5.000000
460,2026-09-27,2026-09-27T22:20:37.000Z,1,1,0,3125.00000000,5.000000
461,2026-09-27,2026-09-27T22:20:46.000Z,1,1,0,3125.00000000,5.000000
462,2026-09-27,2026-09-27T22:21:39.000Z,1,0,1,3125.00000000,5.000000
463,2026-09-27,2026-09-27T22:22:02.000Z,1,0,1,3125.00000000,5.000000
464,2026-09-27,2026-09-27T22:23:12.000Z,1,1,0,3125.00000000,5.000000
465,2026-09-27,2026-09-27T22:23:43.000Z,1,1,0,3125.00000000,5.000000
466,2026-09-27,2026-09-27T22:24:14.000Z,1,0,1,3125.00000000,5.000000
467,2026-09-27,2026-09-27T22:24:23.000Z,1,0,1,3125.00000000,5.000000
468,2026-09-27,2026-09-27T22:24:37.000Z,1,1,0,3125.00000000,5.000000
469,2026-09-27,2026-09-27T22:24:45.000Z,1,0,1,3125.00000000,5.000000
472,2026-09-27,2026-09-27T22:26:57.000Z,1,0,1,3125.00000000,5.000000
473,2026-09-27,2026-09-27T22:27:51.000Z,1,1,0,3125.00000000,5.000000
474,2026-09-27,2026-09-27T22:28:52.000Z,1,0,1,3125.00000000,5.000000
475,2026-09-27,2026-09-27T22:29:46.000Z,1,0,1,3125.00000000,5.000000
476,2026-09-27,2026-09-27T22:29:54.000Z,1,1,0,3125.00000000,5.000000
477,2026-09-27,2026-09-27T22:30:25.000Z,1,0,1,3125.00000000,5.000000
479,2026-09-27,2026-09-27T22:32:29.000Z,1,1,0,3125.00000000,5.000000
480,2026-09-27,2026-09-27T22:32:59.000Z,1,1,0,3125.00000000,5.000000
481,2026-09-27,2026-09-27T22:35:03.000Z,1,1,0,3125.00000000,5.000000
482,2026-09-27,2026-09-27T22:36:35.000Z,1,1,0,3125.00000000,5.000000
483,2026-09-27,2026-09-27T22:37:38.000Z,1,1,0,3125.00000000,5.000000
484,2026-09-27,2026-09-27T22:39:34.000Z,1,0,1,3125.00000000,5.000000
485,2026-09-27,2026-09-27T22:39:41.000Z,1,0,1,3125.00000000,5.000000
486,2026-09-27,2026-09-27T22:41:45.000Z,1,1,0,3125.00000000,5.000000
487,2026-09-27,2026-09-27T22:42:15.000Z,1,0,1,3125.00000000,5.000000
488,2026-09-27,2026-09-27T22:43:17.000Z,1,1,0,3125.00000000,5.000000
489,2026-09-27,2026-09-27T22:44:19.000Z,1,1,0,3125.00000000,5.000000
490,2026-09-27,2026-09-27T22:44:50.000Z,1,0,1,3125.00000000,5.000000
491,2026-09-27,2026-09-27T22:45:21.000Z,1,0,1,3125.00000000,5.000000
492,2026-09-27,2026-09-27T22:45:52.000Z,1,0,1,3125.00000000,5.000000
493,2026-09-27,2026-09-27T22:46:54.000Z,1,0,1,3125.00000000,5.000000
494,2026-09-27,2026-09-27T22:47:25.000Z,1,1,0,3125.00000000,5.000000
495,2026-09-27,2026-09-27T22:47:55.000Z,1,0,1,3125.00000000,5.000000
496,2026-09-27,2026-09-27T22:48:27.000Z,1,1,0,3125.00000000,5.000000
497,2026-09-27,2026-09-27T22:50:30.000Z,1,0,1,3125.00000000,5.000000
498,2026-09-27,2026-09-27T22:51:01.000Z,1,0,1,3125.00000000,5.000000
499,2026-09-27,2026-09-27T22:51:32.000Z,1,1,0,3125.00000000,5.000000
500,2026-09-27,2026-09-27T22:52:03.000Z,1,1,0,3125.00000000,5.000000
501,2026-09-27,2026-09-27T22:52:10.000Z,1,0,1,3125.00000000,5.000000
502,2026-09-27,2026-09-27T22:52:34.000Z,1,0,1,3125.00000000,5.000000
503,2026-09-27,2026-09-27T22:52:57.000Z,1,0,1,3125.00000000,5.000000
504,2026-09-27,2026-09-27T22:53:05.000Z,1,1,0,3125.00000000,5.000000
505,2026-09-27,2026-09-27T22:53:36.000Z,1,1,0,3125.00000000,5.000000
507,2026-09-27,2026-09-27T22:54:30.000Z,1,0,1,3125.00000000,5.000000
508,2026-09-27,2026-09-27T22:55:39.000Z,1,1,0,3125.00000000,5.000000
509,2026-09-27,2026-09-27T22:55:46.000Z,1,0,1,3125.00000000,5.000000
512,2026-09-27,2026-09-27T22:57:43.000Z,1,1,0,3125.00000000,5.000000
513,2026-09-27,2026-09-27T22:58:14.000Z,1,0,1,3125.00000000,5.000000
514,2026-09-27,2026-09-27T22:59:16.000Z,1,1,0,3125.00000000,5.000000
515,2026-09-27,2026-09-27T23:02:13.000Z,1,1,0,3125.00000000,5.000000
516,2026-09-27,2026-09-27T23:02:53.000Z,1,0,1,3125.00000000,5.000000
517,2026-09-27,2026-09-27T23:03:55.000Z,1,1,0,3125.00000000,5.000000
518,2026-09-27,2026-09-27T23:04:26.000Z,1,0,1,3125.00000000,5.000000
519,2026-09-27,2026-09-27T23:05:18.000Z,1,1,0,3125.00000000,5.000000
520,2026-09-27,2026-09-27T23:05:59.000Z,1,0,1,3125.00000000,5.000000
521,2026-09-27,2026-09-27T23:06:30.000Z,1,1,0,3125.00000000,5.000000
522,2026-09-27,2026-09-27T23:08:33.000Z,1,1,0,3125.00000000,5.000000
523,2026-09-27,2026-09-27T23:08:55.000Z,1,1,0,3125.00000000,5.000000
525,2026-09-27,2026-09-27T23:10:37.000Z,1,1,0,3125.00000000,5.000000
526,2026-09-27,2026-09-27T23:12:40.000Z,1,0,1,3125.00000000,5.000000
527,2026-09-27,2026-09-27T23:13:42.000Z,1,0,1,3125.00000000,5.000000
528,2026-09-27,2026-09-27T23:14:04.000Z,1,1,0,3125.00000000,5.000000
529,2026-09-27,2026-09-27T23:14:13.000Z,1,1,0,3125.00000000,5.000000
530,2026-09-27,2026-09-27T23:15:46.000Z,1,0,1,3125.00000000,5.000000
531,2026-09-27,2026-09-27T23:15:54.000Z,1,1,0,3125.00000000,5.000000
532,2026-09-27,2026-09-27T23:16:48.000Z,1,0,1,3125.00000000,5.000000
533,2026-09-27,2026-09-27T23:17:49.000Z,1,1,0,3125.00000000,5.000000
534,2026-09-27,2026-09-27T23:18:20.000Z,1,1,0,3125.00000000,5.000000
535,2026-09-27,2026-09-27T23:18:51.000Z,1,0,1,3125.00000000,5.000000
536,2026-09-27,2026-09-27T23:19:53.000Z,1,0,1,3125.00000000,5.000000
537,2026-09-27,2026-09-27T23:20:24.000Z,1,0,1,3125.00000000,5.000000
538,2026-09-27,2026-09-27T23:22:19.000Z,1,1,0,3125.00000000,5.000000
539,2026-09-27,2026-09-27T23:22:28.000Z,1,1,0,3125.00000000,5.000000
540,2026-09-27,2026-09-27T23:24:01.000Z,1,1,0,3125.00000000,5.000000
541,2026-09-27,2026-09-27T23:24:55.000Z,1,0,1,3125.00000000,5.000000
542,2026-09-27,2026-09-27T23:26:05.000Z,1,0,1,3125.00000000,5.000000
543,2026-09-27,2026-09-27T23:26:36.000Z,1,0,1,3125.00000000,5.000000
544,2026-09-27,2026-09-27T23:27:07.000Z,1,0,1,3125.00000000,5.000000
545,2026-09-27,2026-09-27T23:28:09.000Z,1,1,0,3125.00000000,5.000000
547,2026-09-27,2026-09-27T23:29:41.000Z,1,0,1,3125.00000000,5.000000
549,2026-09-27,2026-09-27T23:30:21.000Z,1,0,1,3125.00000000,5.000000
550,2026-09-27,2026-09-27T23:32:16.000Z,1,1,0,3125.00000000,5.000000
551,2026-09-27,2026-09-27T23:32:17.000Z,1,0,1,3125.00000000,5.000000
552,2026-09-27,2026-09-27T23:32:39.000Z,1,1,0,3125.00000000,5.000000
553,2026-09-27,2026-09-27T23:34:20.000Z,1,0,1,3125.00000000,5.000000
554,2026-09-27,2026-09-27T23:34:43.000Z,1,0,1,3125.00000000,5.000000
555,2026-09-27,2026-09-27T23:34:59.000Z,1,1,0,3125.00000000,5.000000
556,2026-09-27,2026-09-27T23:36:25.000Z,1,0,1,3125.00000000,5.000000
557,2026-09-27,2026-09-27T23:36:32.000Z,1,0,1,3125.00000000,5.000000
558,2026-09-27,2026-09-27T23:36:55.000Z,1,0,1,3125.00000000,5.000000
561,2026-09-27,2026-09-27T23:40:26.000Z,1,1,0,3125.00000000,5.000000
562,2026-09-27,2026-09-27T23:40:32.000Z,1,1,0,3125.00000000,5.000000
563,2026-09-27,2026-09-27T23:42:05.000Z,1,0,1,3125.00000000,5.000000
564,2026-09-27,2026-09-27T23:42:36.000Z,1,0,1,3125.00000000,5.000000
565,2026-09-27,2026-09-27T23:43:16.000Z,1,0,1,3125.00000000,5.000000
567,2026-09-27,2026-09-27T23:45:36.000Z,1,0,1,3125.00000000,5.000000
568,2026-09-27,2026-09-27T23:47:14.000Z,1,0,1,3125.00000000,5.000000
569,2026-09-27,2026-09-27T23:48:47.000Z,1,1,0,3125.00000000,5.000000
570,2026-09-27,2026-09-27T23:49:18.000Z,1,1,0,3125.00000000,5.000000
571,2026-09-27,2026-09-27T23:49:43.000Z,1,1,0,3125.00000000,5.000000
572,2026-09-27,2026-09-27T23:49:49.000Z,1,0,1,3125.00000000,5.000000
573,2026-09-27,2026-09-27T23:50:50.000Z,1,0,1,3125.00000000,5.000000
574,2026-09-27,2026-09-27T23:51:21.000Z,1,1,0,3125.00000000,5.000000
575,2026-09-27,2026-09-27T23:51:52.000Z,1,1,0,3125.00000000,5.000000
576,2026-09-27,2026-09-27T23:52:23.000Z,1,1,0,3125.00000000,5.000000
577,2026-09-27,2026-09-27T23:52:54.000Z,1,0,1,3125.00000000,5.000000
578,2026-09-27,2026-09-27T23:54:27.000Z,1,0,1,3125.00000000,5.000000
580,2026-09-27,2026-09-27T23:57:01.000Z,1,0,1,3125.00000000,5.000000
581,2026-09-27,2026-09-27T23:58:45.000Z,1,0,1,3125.00000000,5.000000
582,2026-09-27,2026-09-27T23:59:05.000Z,1,1,0,3125.00000000,5.000000
1195,2026-09-28-partial,2026-09-28T00:00:07.000Z,1,1,0,3125.00000000,5.000000
1196,2026-09-28-partial,2026-09-28T00:00:38.000Z,1,0,1,3125.00000000,5.000000
1197,2026-09-28-partial,2026-09-28T00:03:12.000Z,1,1,0,3125.00000000,5.000000
1199,2026-09-28-partial,2026-09-28T00:04:45.000Z,1,0,1,3125.00000000,5.000000
1200,2026-09-28-partial,2026-09-28T00:06:18.000Z,1,0,1,3125.00000000,5.000000
1201,2026-09-28-partial,2026-09-28T00:06:48.000Z,1,0,1,3125.00000000,5.000000
1202,2026-09-28-partial,2026-09-28T00:07:19.000Z,1,1,0,3125.00000000,5.000000
1204,2026-09-28-partial,2026-09-28T00:08:22.000Z,1,1,0,3125.00000000,5.000000
1205,2026-09-28-partial,2026-09-28T00:09:55.000Z,1,1,0,3125.00000000,5.000000
1206,2026-09-28-partial,2026-09-28T00:10:22.000Z,1,1,0,3125.00000000,5.000000
1207,2026-09-28-partial,2026-09-28T00:11:28.000Z,1,1,0,3125.00000000,5.000000
1208,2026-09-28-partial,2026-09-28T00:11:59.000Z,1,1,0,3125.00000000,5.000000
1210,2026-09-28-partial,2026-09-28T00:13:02.000Z,1,1,0,3125.00000000,5.000000
1211,2026-09-28-partial,2026-09-28T00:13:13.000Z,1,0,1,3125.00000000,5.000000
1212,2026-09-28-partial,2026-09-28T00:14:15.000Z,1,0,1,3125.00000000,5.000000
1213,2026-09-28-partial,2026-09-28T00:14:35.000Z,1,1,0,3125.00000000,5.000000
1214,2026-09-28-partial,2026-09-28T00:15:33.000Z,1,1,0,3125.00000000,5.000000
1215,2026-09-28-partial,2026-09-28T00:16:39.000Z,1,0,1,3125.00000000,5.000000
1216,2026-09-28-partial,2026-09-28T00:17:41.000Z,1,0,1,3125.00000000,5.000000
1217,2026-09-28-partial,2026-09-28T00:18:12.000Z,1,0,1,3125.00000000,5.000000
1218,2026-09-28-partial,2026-09-28T00:19:14.000Z,1,0,1,3125.00000000,5.000000
1219,2026-09-28-partial,2026-09-28T00:19:45.000Z,1,0,1,3125.00000000,5.000000
1220,2026-09-28-partial,2026-09-28T00:20:47.000Z,1,1,0,3125.00000000,5.000000
1221,2026-09-28-partial,2026-09-28T00:21:18.000Z,1,1,0,3125.00000000,5.000000
1222,2026-09-28-partial,2026-09-28T00:21:49.000Z,1,0,1,3125.00000000,5.000000
1223,2026-09-28-partial,2026-09-28T00:22:51.000Z,1,0,1,3125.00000000,5.000000
1224,2026-09-28-partial,2026-09-28T00:23:22.000Z,1,0,1,3125.00000000,5.000000
1225,2026-09-28-partial,2026-09-28T00:23:49.000Z,1,1,0,3125.00000000,5.000000
1226,2026-09-28-partial,2026-09-28T00:23:52.000Z,1,0,1,3125.00000000,5.000000
1241,2026-09-28-partial,2026-09-28T03:12:09.000Z,1,1,0,3144.65000000,4.999994
1242,2026-09-28-partial,2026-09-28T03:12:09.000Z,1,0,1,3144.65000000,4.999994
1249,2026-09-28-partial,2026-09-28T03:14:13.000Z,1,1,0,3144.65000000,4.999994
1250,2026-09-28-partial,2026-09-28T03:14:13.000Z,1,0,1,3144.65000000,4.999994
1255,2026-09-28-partial,2026-09-28T03:16:17.000Z,1,1,0,3144.65000000,4.999994
1256,2026-09-28-partial,2026-09-28T03:16:17.000Z,1,0,1,3144.65000000,4.999994
1262,2026-09-28-partial,2026-09-28T03:21:27.000Z,1,1,0,3144.65000000,4.999994
1266,2026-09-28-partial,2026-09-28T03:23:28.000Z,1,1,0,3144.65000000,4.999994
1267,2026-09-28-partial,2026-09-28T03:23:30.000Z,1,0,1,3144.65000000,4.999994
1271,2026-09-28-partial,2026-09-28T03:26:05.000Z,1,0,1,3144.65000000,4.999994
1272,2026-09-28-partial,2026-09-28T03:26:33.000Z,1,1,0,3144.65000000,4.999994
1275,2026-09-28-partial,2026-09-28T03:27:37.000Z,1,1,0,3144.65000000,4.999994
1276,2026-09-28-partial,2026-09-28T03:28:08.000Z,1,0,1,3144.65000000,4.999994
1278,2026-09-28-partial,2026-09-28T03:30:43.000Z,1,0,1,3144.65000000,4.999994
1279,2026-09-28-partial,2026-09-28T03:32:16.000Z,1,0,1,3144.65000000,4.999994
1280,2026-09-28-partial,2026-09-28T03:32:47.000Z,1,1,0,3144.65000000,4.999994
1281,2026-09-28-partial,2026-09-28T03:33:48.000Z,1,0,1,3144.65000000,4.999994
1282,2026-09-28-partial,2026-09-28T03:34:19.000Z,1,1,0,3144.65000000,4.999994
1285,2026-09-28-partial,2026-09-28T03:35:51.000Z,1,0,1,3144.65000000,4.999994
1286,2026-09-28-partial,2026-09-28T03:36:22.000Z,1,0,1,3144.65000000,4.999994
1287,2026-09-28-partial,2026-09-28T03:36:23.000Z,1,0,1,3144.65000000,4.999994
1288,2026-09-28-partial,2026-09-28T03:37:56.000Z,1,0,1,3144.65000000,4.999994
1289,2026-09-28-partial,2026-09-28T03:38:58.000Z,1,1,0,3144.65000000,4.999994
1292,2026-09-28-partial,2026-09-28T03:40:29.000Z,1,0,1,3144.65000000,4.999994
1293,2026-09-28-partial,2026-09-28T03:40:59.000Z,1,1,0,3144.65000000,4.999994
1298,2026-09-28-partial,2026-09-28T03:42:35.000Z,1,0,1,3144.65000000,4.999994
1299,2026-09-28-partial,2026-09-28T03:43:07.000Z,1,1,0,3144.65000000,4.999994
1302,2026-09-28-partial,2026-09-28T03:45:41.000Z,1,0,1,3144.65000000,4.999994
1306,2026-09-28-partial,2026-09-28T03:47:14.000Z,1,0,1,3144.65000000,4.999994
1307,2026-09-28-partial,2026-09-28T03:47:45.000Z,1,1,0,3144.65000000,4.999994
1313,2026-09-28-partial,2026-09-28T03:49:48.000Z,1,1,0,3144.65000000,4.999994
1314,2026-09-28-partial,2026-09-28T03:49:50.000Z,1,0,1,3144.65000000,4.999994
1321,2026-09-28-partial,2026-09-28T03:52:23.000Z,1,1,0,3144.65000000,4.999994
1322,2026-09-28-partial,2026-09-28T03:52:24.000Z,1,0,1,3144.65000000,4.999994
1325,2026-09-28-partial,2026-09-28T03:53:29.000Z,1,1,0,3144.65000000,4.999994
1328,2026-09-28-partial,2026-09-28T03:54:55.000Z,1,0,1,3144.65000000,4.999994
1329,2026-09-28-partial,2026-09-28T03:54:55.000Z,1,1,0,3144.65000000,4.999994
1332,2026-09-28-partial,2026-09-28T03:56:08.000Z,1,1,0,3144.65000000,4.999994
1339,2026-09-28-partial,2026-09-28T03:59:05.000Z,1,0,1,3144.65000000,4.999994
1342,2026-09-28-partial,2026-09-28T04:00:11.000Z,1,1,0,3144.65000000,4.999994
1345,2026-09-28-partial,2026-09-28T04:02:11.000Z,1,0,1,3144.65000000,4.999994
1346,2026-09-28-partial,2026-09-28T04:03:12.000Z,1,0,1,3144.65000000,4.999994
1347,2026-09-28-partial,2026-09-28T04:03:44.000Z,1,1,0,3144.65000000,4.999994
1348,2026-09-28-partial,2026-09-28T04:05:48.000Z,1,0,1,3144.65000000,4.999994
1349,2026-09-28-partial,2026-09-28T04:07:52.000Z,1,1,0,3144.65000000,4.999994
1350,2026-09-28-partial,2026-09-28T04:08:23.000Z,1,1,0,3144.65000000,4.999994
1351,2026-09-28-partial,2026-09-28T04:08:23.000Z,1,0,1,3144.65000000,4.999994
1352,2026-09-28-partial,2026-09-28T04:08:53.000Z,1,0,1,3144.65000000,4.999994
1353,2026-09-28-partial,2026-09-28T04:09:56.000Z,1,1,0,3144.65000000,4.999994
1354,2026-09-28-partial,2026-09-28T04:10:27.000Z,1,1,0,3144.65000000,4.999994
1355,2026-09-28-partial,2026-09-28T04:12:00.000Z,1,0,1,3144.65000000,4.999994
1356,2026-09-28-partial,2026-09-28T04:13:01.000Z,1,1,0,3144.65000000,4.999994
1357,2026-09-28-partial,2026-09-28T04:13:32.000Z,1,1,0,3144.65000000,4.999994
1358,2026-09-28-partial,2026-09-28T04:14:03.000Z,1,0,1,3144.65000000,4.999994
1359,2026-09-28-partial,2026-09-28T04:15:36.000Z,1,1,0,3144.65000000,4.999994
1360,2026-09-28-partial,2026-09-28T04:17:09.000Z,1,1,0,3144.65000000,4.999994
1361,2026-09-28-partial,2026-09-28T04:18:09.000Z,1,1,0,3144.65000000,4.999994
1362,2026-09-28-partial,2026-09-28T04:18:42.000Z,1,0,1,3144.65000000,4.999994
1363,2026-09-28-partial,2026-09-28T04:18:43.000Z,1,1,0,3144.65000000,4.999994
1364,2026-09-28-partial,2026-09-28T04:19:12.000Z,1,0,1,3144.65000000,4.999994
1366,2026-09-28-partial,2026-09-28T04:21:16.000Z,1,1,0,3144.65000000,4.999994
1367,2026-09-28-partial,2026-09-28T04:21:47.000Z,1,1,0,3144.65000000,4.999994
1368,2026-09-28-partial,2026-09-28T04:22:18.000Z,1,1,0,3144.65000000,4.999994
1369,2026-09-28-partial,2026-09-28T04:22:46.000Z,1,0,1,3144.65000000,4.999994
1370,2026-09-28-partial,2026-09-28T04:22:49.000Z,1,1,0,3144.65000000,4.999994
1371,2026-09-28-partial,2026-09-28T04:22:50.000Z,1,0,1,3144.65000000,4.999994
1372,2026-09-28-partial,2026-09-28T04:23:20.000Z,1,0,1,3144.65000000,4.999994
1374,2026-09-28-partial,2026-09-28T04:24:22.000Z,1,1,0,3144.65000000,4.999994
1375,2026-09-28-partial,2026-09-28T04:24:52.000Z,1,1,0,3144.65000000,4.999994
1379,2026-09-28-partial,2026-09-28T04:27:58.000Z,1,1,0,3144.65000000,4.999994
1381,2026-09-28-partial,2026-09-28T04:29:31.000Z,1,1,0,3144.65000000,4.999994
1382,2026-09-28-partial,2026-09-28T04:30:02.000Z,1,1,0,3144.65000000,4.999994
1383,2026-09-28-partial,2026-09-28T04:30:32.000Z,1,0,1,3144.65000000,4.999994
1384,2026-09-28-partial,2026-09-28T04:31:03.000Z,1,0,1,3144.65000000,4.999994
1385,2026-09-28-partial,2026-09-28T04:33:07.000Z,1,0,1,3144.65000000,4.999994
1386,2026-09-28-partial,2026-09-28T04:33:38.000Z,1,1,0,3144.65000000,4.999994
1387,2026-09-28-partial,2026-09-28T04:34:09.000Z,1,0,1,3144.65000000,4.999994
1388,2026-09-28-partial,2026-09-28T04:35:42.000Z,1,1,0,3144.65000000,4.999994
1389,2026-09-28-partial,2026-09-28T04:36:10.000Z,1,1,0,3144.65000000,4.999994
1390,2026-09-28-partial,2026-09-28T04:36:13.000Z,1,0,1,3144.65000000,4.999994
1391,2026-09-28-partial,2026-09-28T04:37:15.000Z,1,0,1,3144.65000000,4.999994
1392,2026-09-28-partial,2026-09-28T04:38:48.000Z,1,0,1,3144.65000000,4.999994
1393,2026-09-28-partial,2026-09-28T04:39:20.000Z,1,1,0,3144.65000000,4.999994
1394,2026-09-28-partial,2026-09-28T04:39:51.000Z,1,0,1,3144.65000000,4.999994
1395,2026-09-28-partial,2026-09-28T04:40:22.000Z,1,0,1,3144.65000000,4.999994
1396,2026-09-28-partial,2026-09-28T04:40:49.000Z,1,1,0,3144.65000000,4.999994
1397,2026-09-28-partial,2026-09-28T04:41:24.000Z,1,0,1,3144.65000000,4.999994
1398,2026-09-28-partial,2026-09-28T04:41:55.000Z,1,1,0,3144.65000000,4.999994
1399,2026-09-28-partial,2026-09-28T04:42:26.000Z,1,1,0,3144.65000000,4.999994
1400,2026-09-28-partial,2026-09-28T04:42:56.000Z,1,0,1,3144.65000000,4.999994
1401,2026-09-28-partial,2026-09-28T04:43:23.000Z,1,1,0,3144.65000000,4.999994
1402,2026-09-28-partial,2026-09-28T04:43:27.000Z,1,0,1,3144.65000000,4.999994
1403,2026-09-28-partial,2026-09-28T04:43:58.000Z,1,0,1,3144.65000000,4.999994
1405,2026-09-28-partial,2026-09-28T04:44:56.000Z,1,1,0,3144.65000000,4.999994
1406,2026-09-28-partial,2026-09-28T04:46:32.000Z,1,0,1,3144.65000000,4.999994
1407,2026-09-28-partial,2026-09-28T04:46:33.000Z,1,0,1,3144.65000000,4.999994
1408,2026-09-28-partial,2026-09-28T04:48:37.000Z,1,1,0,3144.65000000,4.999994
1411,2026-09-28-partial,2026-09-28T04:50:41.000Z,1,1,0,3144.65000000,4.999994
1412,2026-09-28-partial,2026-09-28T04:51:12.000Z,1,1,0,3144.65000000,4.999994
